bacentaName,centreCode,bacentaLeaderFirstName,bacentaLeaderLastName,centreName
AIT,01AIT,Town,Wolseley,AIT Centre
American Down,02AME,Etta,Linstead,American Down Centre
Block Factory,03BLO,Leigh,Polgreen,Block Factory Centre
Columba,04COL,Joell,Tomaselli,Columba Centre
Nyanyano,05NYA,Oswell,Brightman,Nyanyano Centre
Fiifi Down,05NYA,Jozef,Offiler,Nyanyano Centre
Kasoa Main,06KAS,Hubert,Duell,Kasoa Main Centre
Iron City,06KAS,Aila,Loche,Kasoa Main Centre
Kings,07KIN,Silvanus,McMackin,Kings Centre
Liberia Camp,08LIB,Antoinette,Squier,Liberia Camp Centre
St Karols,09STK,Lemar,Hutton,St Karols Centre
Tetegu,10TET,Freda,MacGillreich,Tetegu Centre
West End,11WES,Lani,Kilby,West End Centre